timestamp,task_id,subtask_id,user_id,action,outcome,detail,command,version,input
2026-09-01T09:13:44.581Z,P0001,,297915765,claim_encoding,accepted,,campaign.claimTask,1,"{""task_id"":""P0001""}"
2026-09-01T09:15:15.086Z,P0001,,297915765,submit_encoding,accepted,,campaign.submitScoreSetup,1,"{""task_id"":""P0001"",""staves"":3,""groups"":1,""keysig"":""4f"",""meter"":""common""}"
2026-09-01T09:16:13.329Z,P0001,S0001,38179254,claim_validation,accepted,,campaign.claimValidation,1,"{""task_id"":""P0001"",""subtask_id"":""S0001""}"
2026-09-01T09:16:56.116Z,P0001,S0001,38179254,submit_validation,accepted,pass,campaign.submitValidation,2,"{""task_id"":""P0001"",""subtask_id"":""S0001"",""verdict"":""pass""}"
2026-09-01T09:23:30.658Z,P0002,,38179254,claim_encoding,accepted,,campaign.claimTask,1,"{""task_id"":""P0002""}"
2026-09-01T09:24:33.301Z,P0002,,38179254,submit_encoding,accepted,,campaign.submitZones,2,"{""task_id"":""P0002"",""measures"":51,""systems"":9,""movements"":1}"
2026-09-01T09:25:42.299Z,P0002,S0001,297915765,claim_validation,accepted,,campaign.claimValidation,1,"{""task_id"":""P0002"",""subtask_id"":""S0001""}"
2026-09-01T09:26:11.122Z,P0002,S0001,297915765,submit_validation,accepted,pass,campaign.submitValidation,2,"{""task_id"":""P0002"",""subtask_id"":""S0001"",""verdict"":""pass""}"
2026-09-01T11:04:17.491Z,T0001,,38179254,submit_comment,accepted,question,campaign.submitComment,1,"{""task_id"":""T0001"",""subtask_id"":"""",""kind"":""question"",""parent_id"":""""}"
2026-09-01T11:07:39.557Z,T0003,,38179254,submit_comment,accepted,addition,campaign.submitComment,1,"{""task_id"":""T0003"",""subtask_id"":"""",""kind"":""addition"",""parent_id"":""""}"
2026-09-01T11:18:16.202Z,T0001,,297915765,claim_encoding,accepted,,campaign.openEditor,1,"{""task_id"":""T0001""}"
2026-09-01T11:20:25.251Z,T0001,,297915765,submit_encoding,accepted,,campaign.submitEncoding,1,"{""task_id"":""T0001""}"
2026-09-01T11:27:35.597Z,T0001,S0001,38179254,claim_validation,accepted,,campaign.claimValidation,1,"{""task_id"":""T0001"",""subtask_id"":""S0001""}"
2026-09-01T13:01:10.132Z,T0001,S0001,38179254,submit_validation,accepted,pass,campaign.submitValidation,2,"{""task_id"":""T0001"",""subtask_id"":""S0001"",""verdict"":""pass""}"
